{"./results/bi/yoshihito-23-male-0-zCTFo9i.json": {"fmParamsList": {"operator1": {"attack": 0.02438025816231201, "decay": 0.17796294951487787, "sustain": 0.7456689397952109, "sustainTime": 0.08798136857291185, "release": 0, "frequency": 651.926866848646, "ratioToFundamentalFrequency": 5.275160395782462, "modulationIndex": 223.55094354165647}, "operator2": {"attack": 0, "decay": 0.08425898521223968, "sustain": 0.3686843932268541, "sustainTime": 0.15788499520778204, "release": 0.13211690145731086, "frequency": 1110.8785922139948, "ratioToFundamentalFrequency": 0.75, "modulationIndex": 70.27628474061692}, "operator3": {"attack": 0.11154220234438456, "decay": 0.1626498597466242, "sustain": 0.1359918104144153, "sustainTime": 0.27275088127541525, "release": 0.05581626099891286, "frequency": 1021.4494042961003, "ratioToFundamentalFrequency": 3.6953480556432714, "modulationIndex": 86.18461604650314}, "operator4": {"attack": 0.18003162155209074, "decay": 0.11772367637635667, "sustain": 0.7543793826999914, "sustainTime": 0.3, "release": 0.35, "frequency": 1126.1753182088382, "ratioToFundamentalFrequency": 5.016503016520078, "modulationIndex": 207.59873316969868}}, "fitness": "5", "chromosomeId": "1d397999-641b-4a86-8311-f465d0095777", "algorithmNum": 1}}