{
  "./results/pi/\u6e21\u9089\u5065-24-male-0-q7WjBY0.json": {
    "fmParamsList": {
      "operator1": {
        "attack": 0,
        "decay": 0.0062695210316622285,
        "sustain": 0.5359858352232192,
        "sustainTime": 0.23668802879052772,
        "release": 0,
        "frequency": 815.2356717458977,
        "ratioToFundamentalFrequency": 3.00131462507842,
        "modulationIndex": 293.08084107427555
      },
      "operator2": {
        "attack": 0.19631838970582063,
        "decay": 0.0791929676587079,
        "sustain": 0.7806622596067291,
        "sustainTime": 0.15715418673951542,
        "release": 0.270480437642475,
        "frequency": 537.0575290434838,
        "ratioToFundamentalFrequency": 4.931555933989322,
        "modulationIndex": 90.69331713084317
      },
      "operator3": {
        "attack": 0.14702553530762147,
        "decay": 0.2186371637159078,
        "sustain": 0.5910481118225277,
        "sustainTime": 0.14361687266061857,
        "release": 0.30393012088289917,
        "frequency": 1037.886439450859,
        "ratioToFundamentalFrequency": 3.3762518404342705,
        "modulationIndex": 4.383699819639042
      },
      "operator4": {
        "attack": 0.032256396744906955,
        "decay": 0.1433359954643643,
        "sustain": 0.016606802484509076,
        "sustainTime": 0.12790910601483793,
        "release": 0.10012264142797779,
        "frequency": 1300,
        "ratioToFundamentalFrequency": 4.169631416799305,
        "modulationIndex": 0
      }
    },
    "fitness": "3",
    "chromosomeId": "34f8c125-3207-4ee1-a4b1-401de6bc49e5",
    "algorithmNum": 1
  },
  "./results/pi/sawada-22-male-0-0DbSdiU.json": {
    "fmParamsList": {
      "operator1": {
        "attack": 0,
        "decay": 0.05680059803788648,
        "sustain": 0.5799867531157212,
        "sustainTime": 0.026782883271855684,
        "release": 0.005908676472197255,
        "frequency": 961.5734865945503,
        "ratioToFundamentalFrequency": 2.7663020518814294,
        "modulationIndex": 160.61670003578422
      },
      "operator2": {
        "attack": 0.187533592531535,
        "decay": 0.08160275678254664,
        "sustain": 0.30289744311104755,
        "sustainTime": 0.1683057295839247,
        "release": 0.11376119794461968,
        "frequency": 402.371452084575,
        "ratioToFundamentalFrequency": 2.4653967146983566,
        "modulationIndex": 109.01463310540304
      },
      "operator3": {
        "attack": 0.14193808821720938,
        "decay": 0.10872791355495959,
        "sustain": 0.6465774077327904,
        "sustainTime": 0.17144774453793382,
        "release": 0.10070703027209245,
        "frequency": 930.8543060735315,
        "ratioToFundamentalFrequency": 2.113236138265357,
        "modulationIndex": 195.06350079590462
      },
      "operator4": {
        "attack": 0,
        "decay": 0.14580441750612863,
        "sustain": 0.9410415850213492,
        "sustainTime": 0.18217914009032038,
        "release": 0,
        "frequency": 1264.3737734986998,
        "ratioToFundamentalFrequency": 4.908976875045422,
        "modulationIndex": 114.62646096723702
      }
    },
    "fitness": "5",
    "chromosomeId": "b853b077-bc0a-4d2b-ae24-e97cba01fde1",
    "algorithmNum": 1
  },
  "./results/pi/kento-22-male-0-9Rsvaga.json": {
    "fmParamsList": {
      "operator1": {
        "attack": 0.003821332964789717,
        "decay": 0.11855212577992297,
        "sustain": 0.17693163137567858,
        "sustainTime": 0.01855517187911502,
        "release": 0,
        "frequency": 1186.2360644610028,
        "ratioToFundamentalFrequency": 0.75,
        "modulationIndex": 241.48862182400717
      },
      "operator2": {
        "attack": 0,
        "decay": 0.11902604428912106,
        "sustain": 0.5094032894043824,
        "sustainTime": 0.15715386764690464,
        "release": 0.15010023306441878,
        "frequency": 1087.3009976381106,
        "ratioToFundamentalFrequency": 2.9849983805139497,
        "modulationIndex": 293.0436871194552
      },
      "operator3": {
        "attack": 0.20856117706170907,
        "decay": 0.14855767797430908,
        "sustain": 0.1437825780780298,
        "sustainTime": 0.06877093629942463,
        "release": 0,
        "frequency": 920.9504339410507,
        "ratioToFundamentalFrequency": 5.5064860203066806,
        "modulationIndex": 149.03747836343925
      },
      "operator4": {
        "attack": 0.09980720374226944,
        "decay": 0.06534654928147109,
        "sustain": 0.7313891783584885,
        "sustainTime": 0.0036799625080443875,
        "release": 0.26737814031017293,
        "frequency": 819.725208215524,
        "ratioToFundamentalFrequency": 4.214717362546625,
        "modulationIndex": 167.95558850848303
      }
    },
    "fitness": "4",
    "chromosomeId": "04dd73d5-fbad-47db-90e2-19e497ce0f8e",
    "algorithmNum": 1
  },
  "./results/pi/sakamoto-23-male-0-Nqj3312.json": {
    "fmParamsList": {
      "operator1": {
        "attack": 0.019128080236246077,
        "decay": 0.02293226395503686,
        "sustain": 0.5248247071208466,
        "sustainTime": 0.05119468052509943,
        "release": 0.002915901146845994,
        "frequency": 1050.2397291796915,
        "ratioToFundamentalFrequency": 0.9415584281620177,
        "modulationIndex": 212.72859096121314
      },
      "operator2": {
        "attack": 0.008408582396692892,
        "decay": 0.22064689776868412,
        "sustain": 0.5712783958099021,
        "sustainTime": 0,
        "release": 0.09900491016784889,
        "frequency": 625.5683291139037,
        "ratioToFundamentalFrequency": 1.3931706573689944,
        "modulationIndex": 127.45531140737471
      },
      "operator3": {
        "attack": 0.25,
        "decay": 0.02422415018139512,
        "sustain": 0.4340166302246722,
        "sustainTime": 0.11549561173716143,
        "release": 0.3354748290579901,
        "frequency": 635.2851026422952,
        "ratioToFundamentalFrequency": 3.8348605499566824,
        "modulationIndex": 0.9444776884723609
      },
      "operator4": {
        "attack": 0.17709705688531124,
        "decay": 0.06766194289820097,
        "sustain": 0.1714750811325128,
        "sustainTime": 0.03897468949603865,
        "release": 0.20381592791016473,
        "frequency": 738.4617048834858,
        "ratioToFundamentalFrequency": 4.445644104997464,
        "modulationIndex": 0
      }
    },
    "fitness": "4",
    "chromosomeId": "19f3b3fd-662c-4b48-ab41-163c8a905649",
    "algorithmNum": 1
  },
  "./results/pi/Mori-23-female-0-T8ZIrWI.json": {
    "fmParamsList": {
      "operator1": {
        "attack": 0,
        "decay": 0.04691978409691752,
        "sustain": 0.8688434437555045,
        "sustainTime": 0.058680654400361625,
        "release": 0.09588792980349702,
        "frequency": 769.4682181182919,
        "ratioToFundamentalFrequency": 2.1559940772386246,
        "modulationIndex": 12.511912989107014
      },
      "operator2": {
        "attack": 0.15276991305388204,
        "decay": 0.15757592826829284,
        "sustain": 0.28119807968618643,
        "sustainTime": 0.18281426578473656,
        "release": 0.11103993147029653,
        "frequency": 1194.2710727613266,
        "ratioToFundamentalFrequency": 1.6893677828793823,
        "modulationIndex": 0
      },
      "operator3": {
        "attack": 0.2135956943414492,
        "decay": 0.22895168414302974,
        "sustain": 0.3678821068989219,
        "sustainTime": 0.3,
        "release": 0.13765362555281485,
        "frequency": 947.9304396607097,
        "ratioToFundamentalFrequency": 2.9377864043501307,
        "modulationIndex": 0
      },
      "operator4": {
        "attack": 0.10007865002632389,
        "decay": 0.1912566048123545,
        "sustain": 0.3647108685989113,
        "sustainTime": 0.15574588704408346,
        "release": 0.298440431811649,
        "frequency": 904.6491421243511,
        "ratioToFundamentalFrequency": 4.676972321881328,