{"./results/pu/yoshihito-23-male-0-DUgu7GH.json": {"fmParamsList": {"operator1": {"attack": 0.020929643528739307, "decay": 0.09966952055822126, "sustain": 0.34436375384577356, "sustainTime": 0.04556530234311125, "release": 0.11235779976786933, "frequency": 765.3364708650364, "ratioToFundamentalFrequency": 2.4165152471408393, "modulationIndex": 41.85205264466706}, "operator2": {"attack": 0.13994311084883634, "decay": 0.06657705269486297, "sustain": 0.49097639985550445, "sustainTime": 0.1463888208323157, "release": 0.1700818055523579, "frequency": 557.6903136855506, "ratioToFundamentalFrequency": 1.3315146433062426, "modulationIndex": 7.432333307595817}, "operator3": {"attack": 0.1453513976477758, "decay": 0.16458463837329637, "sustain": 0.43360043138779447, "sustainTime": 0.1646395012910395, "release": 0.056101569556533254, "frequency": 940.9876369249998, "ratioToFundamentalFrequency": 3.2591036197305487, "modulationIndex": 276.4291657095737}, "operator4": {"attack": 0.1779231686803029, "decay": 0.170247875892183, "sustain": 0.28734100515482686, "sustainTime": 0.3, "release": 0.07865589687794004, "frequency": 1094.1499074326966, "ratioToFundamentalFrequency": 4.335291185425446, "modulationIndex": 134.07541521927592}}, "fitness": "4", "chromosomeId": "43783678-27a4-4ce7-9c60-de2027301d0e", "algorithmNum": 1}}