{
  "./results/bu-/haruna-22-female-0-HS2Q7I0.json": {
    "fmParamsList": {
      "operator1": {
        "attack": 0.03571374175074383,
        "decay": 0.1693581643861428,
        "sustain": 0.8924668339808153,
        "sustainTime": 0.29143130406919976,
        "release": 0.06397776069547464,
        "frequency": 316.9088802804968,
        "ratioToFundamentalFrequency": 3.237077293286343,
        "modulationIndex": 72.82403546585026
      },
      "operator2": {
        "attack": 0.21879585780878757,
        "decay": 0.08068565072927866,
        "sustain": 0.9450059059193511,
        "sustainTime": 0.13686160489468063,
        "release": 0.35,
        "frequency": 513.0482925444796,
        "ratioToFundamentalFrequency": 0.75,
        "modulationIndex": 243.06913075090674
      },
      "operator3": {
        "attack": 0.16378740993169674,
        "decay": 0.1420849593509056,
        "sustain": 0.26654987833396854,
        "sustainTime": 0.14812601706558726,
        "release": 0.2722036364944946,
        "frequency": 446.304993175982,
        "ratioToFundamentalFrequency": 3.876624894505946,
        "modulationIndex": 103.47282108386278
      },
      "operator4": {
        "attack": 0.09771683367004584,
        "decay": 0.15134449303090763,
        "sustain": 0.36257490434126793,
        "sustainTime": 0.04519708711066653,
        "release": 0.34177499396572775,
        "frequency": 367.998508816101,
        "ratioToFundamentalFrequency": 5.4171012808268,
        "modulationIndex": 244.09217975971148
      }
    },
    "fitness": "5",
    "chromosomeId": "349cc816-8891-427e-be2e-2870d942e11d",
    "algorithmNum": 1
  },
  "./results/bu-/esaki-23-male-0-ZMcEqCy.json": {
    "fmParamsList": {
      "operator1": {
        "attack": 0.25,
        "decay": 0.19691470546043782,
        "sustain": 0.7584236184886375,
        "sustainTime": 0.23345289440857475,
        "release": 0.08620507647744449,
        "frequency": 245.4364779031908,
        "ratioToFundamentalFrequency": 5.9711362998562185,
        "modulationIndex": 9.125561124902909
      },
      "operator2": {
        "attack": 0.1894075315091605,
        "decay": 0.18202980868482746,
        "sustain": 0.9450804182717749,
        "sustainTime": 0.23298530313642601,
        "release": 0,
        "frequency": 479.9818231202936,
        "ratioToFundamentalFrequency": 3.3333917343588775,
        "modulationIndex": 232.6493198727745
      },
      "operator3": {
        "attack": 0.17175077547937506,
        "decay": 0.045931812729205185,
        "sustain": 0.6875397999624961,
        "sustainTime": 0.09166692642837096,
        "release": 0.2569170953800858,
        "frequency": 823.8879558611013,
        "ratioToFundamentalFrequency": 5.08178127702644,
        "modulationIndex": 300
      },
      "operator4": {
        "attack": 0.11407812656931718,
        "decay": 0.06441408902002217,
        "sustain": 0.24392015020453256,
        "sustainTime": 0.1801943251759084,
        "release": 0.24491816182989337,
        "frequency": 768.8113836232681,
        "ratioToFundamentalFrequency": 5.878890390784664,
        "modulationIndex": 243.49716326904132
      }
    },
    "fitness": "3",
    "chromosomeId": "e4b734e9-3f6d-47cf-9417-9a25bdeffb9f",
    "algorithmNum": 1
  },
  "./results/bu-/sakamoto-23-male-0-ImNUFnB.json": {
    "fmParamsList": {
      "operator1": {
        "attack": 0.06620781203083338,
        "decay": 0.12327493165944364,
        "sustain": 0.3811518896075174,
        "sustainTime": 0.3,
        "release": 0.03889673091955204,
        "frequency": 200,
        "ratioToFundamentalFrequency": 3.1824559761002162,
        "modulationIndex": 54.906282443609605
      },
      "operator2": {
        "attack": 0.002644536387139428,
        "decay": 0.19720597067674378,
        "sustain": 0.49461988426147757,
        "sustainTime": 0.0968781372136729,
        "release": 0.14774820798656796,
        "frequency": 256.8640037245085,
        "ratioToFundamentalFrequency": 3.37375402746472,
        "modulationIndex": 300
      },
      "operator3": {
        "attack": 0.2347662598720174,
        "decay": 0,
        "sustain": 0.7859065848047639,
        "sustainTime": 0.13872012820584304,
        "release": 0.17132603719151301,
        "frequency": 767.8356426761088,
        "ratioToFundamentalFrequency": 1.3762860972203312,
        "modulationIndex": 156.4628369185113
      },
      "operator4": {
        "attack": 0.25,
        "decay": 0.016262866835437984,
        "sustain": 0.20695322819939166,
        "sustainTime": 0.06324332760108055,
        "release": 0.09271962287019361,
        "frequency": 725.1881024679061,
        "ratioToFundamentalFrequency": 1.580051649211104,
        "modulationIndex": 300
      }
    },
    "fitness": "5",
    "chromosomeId": "969d7323-1584-441e-8f4f-b19b5cfb3ad5",
    "algorithmNum": 1
  },
  "./results/bu-/hirai-25-male-0-Blb7iPF.json": {
    "fmParamsList": {
      "operator1": {
        "attack": 0.1528424682145351,
        "decay": 0.04529066629830794,
        "sustain": 0.8969173312826173,
        "sustainTime": 0.10118115305393835,
        "release": 0.21533073821842816,
        "frequency": 520.0143108206602,
        "ratioToFundamentalFrequency": 3.3274382736096833,
        "modulationIndex": 1.1054440345023782
      },
      "operator2": {
        "attack": 0.07981627947652072,
        "decay": 0.0630892204350143,
        "sustain": 0.6574080273483871,
        "sustainTime": 0.17891158847167632,
        "release": 0.057803832141338496,
        "frequency": 200,
        "ratioToFundamentalFrequency": 0.75,
        "modulationIndex": 261.99596622631094
      },
      "operator3": {
        "attack": 0.13690122985892486,
        "decay": 0.06209365797883279,
        "sustain": 0.4156504357294289,
        "sustainTime": 0.21663680189306547,
        "release": 0.12840236072563085,
        "frequency": 477.612999881648,
        "ratioToFundamentalFrequency": 2.608656986706517,
        "modulationIndex": 162.11899469144694
      },
      "operator4": {
        "attack": 0.1463294486142726,
        "decay": 0.007550162382754494,
        "sustain": 0.8784693944766039,
        "sustainTime": 0.0643269263417195,
        "release": 0.15460403379118867,
        "frequency": 1272.937775652728,
        "ratioToFundamentalFrequency": 1.5104276357396094,
        "modulationIndex": 134.36215906601416
      }
    },
    "fitness": "4",
    "chromosomeId": "a4cbdbac-e257-412f-ac26-131697d590a4",
    "algorithmNum": 1
  },
  "./results/bu-/sawada-22-male-0-l8dbOpM.json": {
    "fmParamsList": {
      "operator1": {
        "attack": 0,
        "decay": 0.10327918331695812,
        "sustain": 0.9712645907960766,
        "sustainTime": 0.3,
        "release": 0.02627908138405037,
        "frequency": 200,
        "ratioToFundamentalFrequency": 5.339778782459308,
        "modulationIndex": 231.85233819422976
      },
      "operator2": {
        "attack": 0.14451393923935502,
        "decay": 0.25,
        "sustain": 0.39510028030132055,
        "sustainTime": 0.2649967441616447,
        "release": 0.24030967914797832,
        "frequency": 1147.139572574635,
        "ratioToFundamentalFrequency": 1.1689295755851972,
        "modulationIndex": 127.09170517353536
      },
      "operator3": {
        "attack": 0.17891324055878127,
        "decay": 0.10190972966907375,
        "sustain": 0.4796233540024892,
        "sustainTime": 0.19351413689047833,
        "release": 0.21935102169113213,
        "frequency": 978.0129398133099,
        "ratioToFundamentalFrequency": 3.0447878823092647,
        "modulationIndex": 78.06526521306475
      },
      "operator4": {
        "attack": 0.15733619233901636,
        "decay": 0.07943321116706745,
        "sustain": 0.6420521959572093,
        "sustainTime": 0.020036759479732207,
        "release": 0.13977141021924536,
        "frequency": 1300,
        "ratioToFundamentalFrequency": 4.911121551114353,