{"./results/fa-n/Nagahashi Ayumu-22-male-0-bR1o0Xb.json": {"fmParamsList": {"operator1": {"attack": 0.21671072442732114, "decay": 0, "sustain": 0.5128856817705089, "sustainTime": 0.07066252697985549, "release": 0.35, "frequency": 380.4123167559165, "ratioToFundamentalFrequency": 4.750364353078027, "modulationIndex": 300}, "operator2": {"attack": 0.17391800966332777, "decay": 0.0508323818386678, "sustain": 0.8157761532839528, "sustainTime": 0.2277111818888451, "release": 0.244703663277437, "frequency": 245.58820219398214, "ratioToFundamentalFrequency": 5.724404443425593, "modulationIndex": 62.85851635841638}, "operator3": {"attack": 0.1745117385903879, "decay": 0.13048324778389098, "sustain": 0.7484448765942895, "sustainTime": 0.12268576697716359, "release": 0.2520453202581334, "frequency": 736.9733973317907, "ratioToFundamentalFrequency": 3.1718998854924227, "modulationIndex": 77.9980297508514}, "operator4": {"attack": 0.1516153432929757, "decay": 0.14284972718663824, "sustain": 0.7101287501830551, "sustainTime": 0.11445192678036711, "release": 0.2820015128546858, "frequency": 824.3948402166064, "ratioToFundamentalFrequency": 4.156983424757933, "modulationIndex": 289.5287990474614}}, "fitness": "3", "chromosomeId": "c47d6637-9441-4398-bcba-b2ac9d751a4c", "algorithmNum": 1}, "./results/fa-n/sakamoto-23-male-0-HIi5Qsb.json": {"fmParamsList": {"operator1": {"attack": 0.12081251536467967, "decay": 0.07249297128606189, "sustain": 0.12874846898522618, "sustainTime": 0.28642490417514166, "release": 0.2487003686670121, "frequency": 1289.1548072074534, "ratioToFundamentalFrequency": 0.75, "modulationIndex": 235.96835639293255}, "operator2": {"attack": 0.2195941528856692, "decay": 0, "sustain": 0.20335251677751862, "sustainTime": 0.08999132474575873, "release": 0.114421879032299, "frequency": 531.0591340482174, "ratioToFundamentalFrequency": 2.4324428759226215, "modulationIndex": 132.88262738779187}, "operator3": {"attack": 0.11107632820304758, "decay": 0.20636911077290374, "sustain": 0.3660316389445701, "sustainTime": 0.20095751838577755, "release": 0.22726838612227226, "frequency": 757.7034561100472, "ratioToFundamentalFrequency": 4.184976311124449, "modulationIndex": 67.70763684413289}, "operator4": {"attack": 0.19489145810713443, "decay": 0.16548879413429116, "sustain": 0.5115363522582033, "sustainTime": 0.08099191203050585, "release": 0.14353666189167924, "frequency": 1227.4976451072812, "ratioToFundamentalFrequency": 4.317742175259904, "modulationIndex": 282.1694557955649}}, "fitness": "1", "chromosomeId": "1fafbac4-876b-44f2-9d23-bbe1ab2615d0", "algorithmNum": 1}, "./results/fa-n/Mori-23-female-0-rdUCTt1.json": {"fmParamsList": {"operator1": {"attack": 0.23998246348999056, "decay": 0.13774569250011584, "sustain": 1, "sustainTime": 0.25179258340974053, "release": 0.35, "frequency": 414.92524924086086, "ratioToFundamentalFrequency": 2.185014626022523, "modulationIndex": 193.70800412275742}, "operator2": {"attack": 0.03714231749294108, "decay": 0.09216960432645319, "sustain": 0.8065509084393077, "sustainTime": 0.06160793187944894, "release": 0.11176671374341217, "frequency": 389.08925300822597, "ratioToFundamentalFrequency": 4.567850004385537, "modulationIndex": 64.45810131223581}, "operator3": {"attack": 0.19003948048113384, "decay": 0.20427702432938932, "sustain": 0.7627935866020951, "sustainTime": 0.03300571284530924, "release": 0.18108796744387412, "frequency": 803.8741489504089, "ratioToFundamentalFrequency": 4.54991441075652, "modulationIndex": 27.77110802801682}, "operator4": {"attack": 0.18128509117287836, "decay": 0.09998670414872883, "sustain": 0.2101931303735888, "sustainTime": 0.12977287444439453, "release": 0.18023913456033708, "frequency": 996.9652509501348, "ratioToFundamentalFrequency": 3.829060675542141, "modulationIndex": 257.90796241441774}}, "fitness": "2", "chromosomeId": "ef243b99-ea44-4d73-af04-8995a85a2926", "algorithmNum": 1}, "./results/fa-n/WTNB-24-male-0-gzsTdGb.json": {"fmParamsList": {"operator1": {"attack": 0.20219551832195864, "decay": 0.22518569917679712, "sustain": 0.21587122009332732, "sustainTime": 0.11058515011394246, "release": 0.1708600358456108, "frequency": 715.5203708362603, "ratioToFundamentalFrequency": 4.337757351710331, "modulationIndex": 64.88124005904481}, "operator2": {"attack": 0.10982623276479742, "decay": 0.19001340772620073, "sustain": 0.2185640468002374, "sustainTime": 0.23977016407509713, "release": 0.2785988423523054, "frequency": 334.54679958869326, "ratioToFundamentalFrequency": 1.3314233111127574, "modulationIndex": 56.836816740096715}, "operator3": {"attack": 0.1254302103743341, "decay": 0.15734577116891554, "sustain": 0.24151429054001855, "sustainTime": 0.29614388218805937, "release": 0.018383133881964313, "frequency": 398.1060940902603, "ratioToFundamentalFrequency": 3.4224938331556696, "modulationIndex": 3.5976227124068565}, "operator4": {"attack": 0.021194074382954863, "decay": 0.08395865557681279, "sustain": 0.1910417944149645, "sustainTime": 0, "release": 0.07016881286725449, "frequency": 315.3104343274187, "ratioToFundamentalFrequency": 5.861100676568852, "modulationIndex": 126.30377294521357}}, "fitness": "2", "chromosomeId": "3bb8f5dc-506c-4d12-bce8-960d5681da22", "algorithmNum": 1}, "./results/fa-n/Yoshikawa-22-female-0-GipiWrB.json": {"fmParamsList": {"operator1": {"attack": 0.09544877615970701, "decay": 0.18742567395411863, "sustain": 1, "sustainTime": 0.017437094366148948, "release": 0.26441117648735357, "frequency": 349.1409541272553, "ratioToFundamentalFrequency": 1.3857572221267866, "modulationIndex": 205.28188399131383}, "operator2": {"attack": 0.19484835655109803, "decay": 0.00036980172838182307, "sustain": 0.2895309414737114, "sustainTime": 0.029339372177064782, "release": 0.23268169667435656, "frequency": 290.0678379179883, "ratioToFundamentalFrequency": 2.382552525999643, "modulationIndex": 188.3637867346772}, "operator3": {"attack": 0.1663228239970828, "decay": 0.24043062324478945, "sustain": 0.007534105257261212, "sustainTime": 0.010980661110454107, "release": 0.13699623900015934, "frequency": 367.3229252724054, "ratioToFundamentalFrequency": 3.8396756070785445, "modulationIndex": 169.35139645030995}, "operator4": {"attack": 0.17575223425450553, "decay": 0.14798810945598104, "sustain": 0.6755160834821894, "sustainTime": 0.19070400216229258, "release": 0.2344272955776048, "frequency": 857.3749263750899, "ratioToFundamentalFrequency": 4.714773850006601, "modulationIndex": 20.010956151933122}}, "fitness": "5", "chromosomeId": "18850d43-3224-4175-a490-c859435f487b", "algorithmNum": 1}, "./results/fa-n/sa-25-female-0-UpuHWZL.json": {"fmParamsList": {"operator1": {"attack": 0.05788561182400665, "decay": 0.07225775123419939, "sustain": 0.5454955269929868, "sustainTime": 0.3, "release": 0.2566639547022049, "frequency": 1094.201660201309, "ratioToFundamentalFrequency": 2.4445648936763176, "modulationIndex": 81.20009546396753}, "operator2": {"attack": 0.11765952416551148, "decay": 0.21163705518789108, "sustain": 0.2929009788213408, "sustainTime": 0.20837642991574362, "release": 0.12828096786758844, "frequency": 563.4507734262994, "ratioToFundamentalFrequency": 4.768417629615149, "modulationIndex": 171.6137696193787}, "operator3": {"attack": 0.09765964784574357, "decay": 0.07014019455672413, "sustain": 0.616514910541147, "sustainTime": 0.274003715591766, "release": 0.35, "frequency": 1300, "ratioToFundamentalFrequency": 3.7348548267462434, "modulationIndex": 79.65970257414853}, "operator4": {"attack": 0.20925932693227955, "decay": 0.22763465164222713, "sustain": 0.49091726835369126, "sustainTime": 0.2192835938122278, "release": 0.2420683372611245, "frequency": 992.2947667184017, "ratioToFundamentalFrequency": 6, "modulationIndex": 92.09246294670979}}, "fitness": "2", "chromosomeId": "2b25ba73-1dd8-4a9d-a7ee-fd4c1c9b4c62", "algorithmNum": 1}, "./results/fa-n/sawada-22-male-0-DbEcaNr.json": {"fmParamsList": {"operator1": {"attack": 0.0940668054572136, "decay": 0.19724163426461583,