{"./results/ti-n/sawada-22-male-0-FH4Yf2S.json": {"fmParamsList": {"operator1": {"attack": 0, "decay": 0.24664356725504602, "sustain": 0.35954898678371294, "sustainTime": 0.23322813630009695, "release": 0.15203485994488458, "frequency": 1283.1728911247803, "ratioToFundamentalFrequency": 3.2758799160403544, "modulationIndex": 230.38149481523072}, "operator2": {"attack": 0.1666614158251253, "decay": 0.25, "sustain": 0.5808604904180462, "sustainTime": 0.20244592874824568, "release": 0.2313151746328283, "frequency": 508.9367978878106, "ratioToFundamentalFrequency": 2.686207324378466, "modulationIndex": 300}, "operator3": {"attack": 0.19973486735079046, "decay": 0.1464074196847557, "sustain": 0.8227371262438717, "sustainTime": 0.07494297854896693, "release": 0.18148202535117436, "frequency": 770.598125368222, "ratioToFundamentalFrequency": 4.325005285510279, "modulationIndex": 44.737215457443874}, "operator4": {"attack": 0.10023610176702388, "decay": 0.14981682920091113, "sustain": 0.3484193543689247, "sustainTime": 0.20337073331328812, "release": 0.10855109141553046, "frequency": 1224.442553535088, "ratioToFundamentalFrequency": 6, "modulationIndex": 116.25558747813714}}, "fitness": "3", "chromosomeId": "3b2592b8-b167-4ee8-a305-47f5dac4f102", "algorithmNum": 1}, "./results/ti-n/yoshihito-23-male-0-MjtVXGt.json": {"fmParamsList": {"operator1": {"attack": 0.09936044560788519, "decay": 0.03356981230677923, "sustain": 0.5685759198068482, "sustainTime": 0.10567288842499621, "release": 0.18718376685865362, "frequency": 989.4857031321058, "ratioToFundamentalFrequency": 2.9568645750732987, "modulationIndex": 139.79667674326674}, "operator2": {"attack": 0.009336194703721434, "decay": 0.19031944651413085, "sustain": 0.631190036927511, "sustainTime": 0.15457431722503356, "release": 0.16994925062932562, "frequency": 621.2363955446165, "ratioToFundamentalFrequency": 1.7557954565240834, "modulationIndex": 95.01816947331379}, "operator3": {"attack": 0.116152846459669, "decay": 0.25, "sustain": 0.23079235306450235, "sustainTime": 0.2559683530024891, "release": 0.09916671471357055, "frequency": 361.05463469428395, "ratioToFundamentalFrequency": 2.2465825046216237, "modulationIndex": 0}, "operator4": {"attack": 0.19548605543850053, "decay": 0.006556138529054387, "sustain": 0.31476275337453763, "sustainTime": 0.10747689602706917, "release": 0.24364780552386012, "frequency": 1226.9382301299986, "ratioToFundamentalFrequency": 2.930151013050295, "modulationIndex": 57.476635043426384}}, "fitness": "5", "chromosomeId": "3f4dd781-9202-4210-91eb-46eb0bbd4a64", "algorithmNum": 1}, "./results/ti-n/sa-25-female-0-41VrWlO.json": {"fmParamsList": {"operator1": {"attack": 0.12704782927007538, "decay": 0.1777953660966052, "sustain": 0.10294533941828185, "sustainTime": 0.16927715394306536, "release": 0.33326841741941726, "frequency": 1300, "ratioToFundamentalFrequency": 4.589498640832841, "modulationIndex": 194.11828119537884}, "operator2": {"attack": 0.1489205855163171, "decay": 0, "sustain": 0.34056277112068506, "sustainTime": 0.08771675756582743, "release": 0.2823326161953917, "frequency": 414.5225758981502, "ratioToFundamentalFrequency": 3.2629527314581632, "modulationIndex": 231.63460008841042}, "operator3": {"attack": 0.20934132313497733, "decay": 0.09989262732501675, "sustain": 0.4473093235101678, "sustainTime": 0.21678154700038757, "release": 0.1644520477203802, "frequency": 934.8108800354895, "ratioToFundamentalFrequency": 4.1427531008998715, "modulationIndex": 26.348247665969826}, "operator4": {"attack": 0.020920332949698802, "decay": 0.03675482771473246, "sustain": 0.4844626467665712, "sustainTime": 0.06577910020369608, "release": 0.16226020664166446, "frequency": 1291.2107190295685, "ratioToFundamentalFrequency": 5.960164100938406, "modulationIndex": 135.91972607523832}}, "fitness": "4", "chromosomeId": "e723b130-5e62-4b25-aa00-3cf8fb32996b", "algorithmNum": 1}, "./results/ti-n/kento-22-male-0-sM6BO4c.json": {"fmParamsList": {"operator1": {"attack": 0, "decay": 0.04946278337082627, "sustain": 0.7301011708004003, "sustainTime": 0.10154139201538084, "release": 0.1781953803668298, "frequency": 1113.148046863625, "ratioToFundamentalFrequency": 3.41443310423806, "modulationIndex": 249.73866587331486}, "operator2": {"attack": 0.18454223928802208, "decay": 0.055367095303686234, "sustain": 0.05066924807889506, "sustainTime": 0.3, "release": 0.34067222305133643, "frequency": 532.0242574163314, "ratioToFundamentalFrequency": 2.5643166387063014, "modulationIndex": 0}, "operator3": {"attack": 0.10113119867095756, "decay": 0.13040952972213937, "sustain": 0.5800888775501962, "sustainTime": 0.03795889668008791, "release": 0.06771528899791673, "frequency": 944.8053291426609, "ratioToFundamentalFrequency": 2.759850901132777, "modulationIndex": 130.83160024656112}, "operator4": {"attack": 0.07586140613256193, "decay": 0.12532261927258212, "sustain": 0.6563154289665551, "sustainTime": 0.09961758058881587, "release": 0.0805470707987481, "frequency": 938.3015222736357, "ratioToFundamentalFrequency": 4.513255421674857, "modulationIndex": 262.99053936295445}}, "fitness": "2", "chromosomeId": "f277f45e-2101-49b3-a043-d60ead9c7deb", "algorithmNum": 1}, "./results/ti-n/haruna-22-female-0-RbJK2P7.json": {"fmParamsList": {"operator1": {"attack": 0, "decay": 0.14323264820217219, "sustain": 0.9953081809055897, "sustainTime": 0.08588776888672241, "release": 0.23556865337996094, "frequency": 977.7190995916608, "ratioToFundamentalFrequency": 4.706185386261756, "modulationIndex": 77.63460230415984}, "operator2": {"attack": 0.07197903261544661, "decay": 0.14327415349709152, "sustain": 0.44397796934773553, "sustainTime": 0.23110736865436105, "release": 0.025757245768516353, "frequency": 905.2945724490146, "ratioToFundamentalFrequency": 0.75, "modulationIndex": 167.4355108252558}, "operator3": {"attack": 0.2084395363222981, "decay": 0.19369987200658284, "sustain": 0.3726078697895363, "sustainTime": 0.20176445766729506, "release": 0.19798846895482952, "frequency": 496.56976790840827, "ratioToFundamentalFrequency": 2.0819491905042793, "modulationIndex": 196.26208027109402}, "operator4": {"attack": 0, "decay": 0.24085996182196825, "sustain": 0.19240217135576934, "sustainTime": 0.16931375440989582, "release": 0.29141859062749464, "frequency": 1027.0135473778155, "ratioToFundamentalFrequency": 4.9989747820942005, "modulationIndex": 256.91778763700864}}, "fitness": "4", "chromosomeId": "9d8ec425-89fa-443a-9860-ab8dd2c3e1e5", "algorithmNum": 1}, "./results/ti-n/WTNB-24-male-0-gOxsNko.json": {"fmParamsList": {"operator1": {"attack": 0.004470953474651198, "decay": 0.20717520997207872, "sustain": 0.1621671236612684, "sustainTime": 0.02916541651795058, "release": 0.17489261569785916, "frequency": 1079.4889543075226, "ratioToFundamentalFrequency": 1.7604647857301918, "modulationIndex": 153.89257909905766}, "operator2": {"attack": 0.06859417612330315, "decay": 0.21023117412123435, "sustain": 1, "sustainTime": 0.16138210049891788, "release": 0.2227889983578163, "frequency": 735.1191810261947, "ratioToFundamentalFrequency": 5.066933204582977, "modulationIndex": 233.9473763883968}, "operator3": {"attack": 0.25, "decay": 0.18036461816897453, "sustain": 0.10044607313664125, "sustainTime": 0.137389213806679, "release": 0.32844889488645723, "frequency": 774.5035532994848, "ratioToFundamentalFrequency": 5.6548460585655835, "modulationIndex": 297.62364945831644}, "operator4": {"attack": 0.11864952174001793, "decay": 0.0911922367703398, "sustain": 0.3048885258475527, "sustainTime": 0.22992879975833624, "release": 0.23835288862579365, "frequency": 1300, "ratioToFundamentalFrequency": 4.833795527319222, "modulationIndex": 61.93191388208703}}, "fitness": "2", "chromosomeId": "0c711f03-6353-40af-80cd-63243a526616", "algorithmNum": 1}, "./results/ti-n/esaki-23-male-0-52bC9EX.json": {"fmParamsList": {"operator1": {"attack": 0.13507233991259002, "decay": 0.08415541894916212, "sustain": 0.45492806882439923,